<?xml version="1.0" encoding="UTF-8"?>
<!DOCTYPE mapper PUBLIC "-//mybatis.org//DTD Mapper 3.0//EN" "http://mybatis.org/dtd/mybatis-3-mapper.dtd">
<mapper namespace="com.example.mapper.SysUserMapper">
  <resultMap id="BaseResultMap" type="com.example.model.SysUser">
    <!--
      WARNING - @mbg.generated
    -->
    <id column="id" jdbcType="VARCHAR" property="id" />
    <result column="username" jdbcType="VARCHAR" property="username" />
    <result column="password" jdbcType="VARCHAR" property="password" />
    <result column="nickname" jdbcType="VARCHAR" property="nickname" />
    <result column="age" jdbcType="INTEGER" property="age" />
    <result column="sex" jdbcType="INTEGER" property="sex" />
    <result column="job" jdbcType="INTEGER" property="job" />
    <result column="face_image" jdbcType="VARCHAR" property="faceImage" />
    <result column="province" jdbcType="VARCHAR" property="province" />
    <result column="city" jdbcType="VARCHAR" property="city" />
    <result column="district" jdbcType="VARCHAR" property="district" />
    <result column="address" jdbcType="VARCHAR" property="address" />
    <result column="auth_salt" jdbcType="VARCHAR" property="authSalt" />
    <result column="last_login_ip" jdbcType="VARCHAR" property="lastLoginIp" />
    <result column="last_login_time" jdbcType="TIMESTAMP" property="lastLoginTime" />
    <result column="is_delete" jdbcType="INTEGER" property="isDelete" />
    <result column="regist_time" jdbcType="TIMESTAMP" property="registTime" />
    <result column="user_uuid" jdbcType="VARCHAR" property="userUuid" />
  </resultMap>
</mapper>